Training Steps per Iter,Mean Return,Stdev Return
50,-319.9324951,569.2127686
500,1697.527832,679.4729614
1000,3359.362793,1290.168823
2000,4517.461914,442.4835205
4000,4675.914063,255.9287109